transaction_hash,transaction_time,from_address,to_address,amount
0xe20dd7ec6d2dcaaf4bf19485ed6e85e03cf2e96790eabae7058f11ef946f09a9,2024-06-24 06:34:16.000 UTC,0xd6f15a797c78f598bcb840464151ac526ddd4a0f,0x8c4a25bd802dc1dd7e44ce9453e1b9d36a2f4ac3,180.35
0xe20dd7ec6d2dcaaf4bf19485ed6e85e03cf2e96790eabae7058f11ef946f09a9,2024-06-24 06:34:16.000 UTC,0xd6f15a797c78f598bcb840464151ac526ddd4a0f,0x87cc1d672356ff6a5c320dfebcf36bfe7e0b4f5e,1115.69
0xe20dd7ec6d2dcaaf4bf19485ed6e85e03cf2e96790eabae7058f11ef946f09a9,2024-06-24 06:34:16.000 UTC,0xd6f15a797c78f598bcb840464151ac526ddd4a0f,0x7dd0ca0f62d84cafa9d938f2660ba221d8d32684,219.69
0xe20dd7ec6d2dcaaf4bf19485ed6e85e03cf2e96790eabae7058f11ef946f09a9,2024-06-24 06:34:16.000 UTC,0xd6f15a797c78f598bcb840464151ac526ddd4a0f,0x25744247a760dd8c73eaa81307e1ff827e8bcfa3,6.04
0xe20dd7ec6d2dcaaf4bf19485ed6e85e03cf2e96790eabae7058f11ef946f09a9,2024-06-24 06:34:16.000 UTC,0xd6f15a797c78f598bcb840464151ac526ddd4a0f,0x40c44b91e3fd45cdbd860d81e123c73871a9cc3d,1894.51
0xe20dd7ec6d2dcaaf4bf19485ed6e85e03cf2e96790eabae7058f11ef946f09a9,2024-06-24 06:34:16.000 UTC,0xd6f15a797c78f598bcb840464151ac526ddd4a0f,0xf45f86940c37b01eb9bf99512e6a33bbd657a95a,69.14
0xe20dd7ec6d2dcaaf4bf19485ed6e85e03cf2e96790eabae7058f11ef946f09a9,2024-06-24 06:34:16.000 UTC,0xd6f15a797c78f598bcb840464151ac526ddd4a0f,0x464a2d4ee1b14ae15fcc2468c78f70c6c00b7cb2,207.86
0xe20dd7ec6d2dcaaf4bf19485ed6e85e03cf2e96790eabae7058f11ef946f09a9,2024-06-24 06:34:16.000 UTC,0xd6f15a797c78f598bcb840464151ac526ddd4a0f,0xd3e842a1d04f9edaa328cca8874c8896f0044cfb,207.01
0xe20dd7ec6d2dcaaf4bf19485ed6e85e03cf2e96790eabae7058f11ef946f09a9,2024-06-24 06:34:16.000 UTC,0xd6f15a797c78f598bcb840464151ac526ddd4a0f,0x78d262ee17922bfb29476e25df20eec17e252902,230.78
0xe20dd7ec6d2dcaaf4bf19485ed6e85e03cf2e96790eabae7058f11ef946f09a9,2024-06-24 06:34:16.000 UTC,0xd6f15a797c78f598bcb840464151ac526ddd4a0f,0x83da5204bea66b14f98d336006f830391a88c5f6,2684.94
0xe20dd7ec6d2dcaaf4bf19485ed6e85e03cf2e96790eabae7058f11ef946f09a9,2024-06-24 06:34:16.000 UTC,0xd6f15a797c78f598bcb840464151ac526ddd4a0f,0x1c96554bfc81c329361c0918f6f8985ae28acdfd,3.46
0xe20dd7ec6d2dcaaf4bf19485ed6e85e03cf2e96790eabae7058f11ef946f09a9,2024-06-24 06:34:16.000 UTC,0xd6f15a797c78f598bcb840464151ac526ddd4a0f,0xac9f53d2a8366071486d8989126e82dfdf10ec81,0.08
0xe20dd7ec6d2dcaaf4bf19485ed6e85e03cf2e96790eabae7058f11ef946f09a9,2024-06-24 06:34:16.000 UTC,0xd6f15a797c78f598bcb840464151ac526ddd4a0f,0x2c0b08c414a8ee088596832cf64efca283d46703,330.01
0xe20dd7ec6d2dcaaf4bf19485ed6e85e03cf2e96790eabae7058f11ef946f09a9,2024-06-24 06:34:16.000 UTC,0xd6f15a797c78f598bcb840464151ac526ddd4a0f,0x6950c6a2166404c10dd704e493b247878470c4aa,41.42
0xe20dd7ec6d2dcaaf4bf19485ed6e85e03cf2e96790eabae7058f11ef946f09a9,2024-06-24 06:34:16.000 UTC,0xd6f15a797c78f598bcb840464151ac526ddd4a0f,0x9a3e8ea6e6574f805478cd98ada9cdc17fbe5203,33.04
0xe20dd7ec6d2dcaaf4bf19485ed6e85e03cf2e96790eabae7058f11ef946f09a9,2024-06-24 06:34:16.000 UTC,0xd6f15a797c78f598bcb840464151ac526ddd4a0f,0x6c2227158c65870ff346287cbd123cb840cdd62d,11.07
0xe20dd7ec6d2dcaaf4bf19485ed6e85e03cf2e96790eabae7058f11ef946f09a9,2024-06-24 06:34:16.000 UTC,0xd6f15a797c78f598bcb840464151ac526ddd4a0f,0x1b648ade1ef219c87987cd60eba069a7faf1621f,775.07
0xe20dd7ec6d2dcaaf4bf19485ed6e85e03cf2e96790eabae7058f11ef946f09a9,2024-06-24 06:34:16.000 UTC,0xd6f15a797c78f598bcb840464151ac526ddd4a0f,0xf4b40b20572d117ead7b5ca3c7eff7d3cbdc4067,82.95
0xe20dd7ec6d2dcaaf4bf19485ed6e85e03cf2e96790eabae7058f11ef946f09a9,2024-06-24 06:34:16.000 UTC,0xd6f15a797c78f598bcb840464151ac526ddd4a0f,0x58c4f03a954e4cbb1b8e204a881a8e9a99d015dd,17.7
0xe20dd7ec6d2dcaaf4bf19485ed6e85e03cf2e96790eabae7058f11ef946f09a9,2024-06-24 06:34:16.000 UTC,0xd6f15a797c78f598bcb840464151ac526ddd4a0f,0x6053cc3bc8c0edc367a6348ae02fb74f4efa4e52,25.21
0xe20dd7ec6d2dcaaf4bf19485ed6e85e03cf2e96790eabae7058f11ef946f09a9,2024-06-24 06:34:16.000 UTC,0xd6f15a797c78f598bcb840464151ac526ddd4a0f,0xe7dbde2edfbf9bf3117fc2c49c524dbff2bfd76e,25.03
0xe20dd7ec6d2dcaaf4bf19485ed6e85e03cf2e96790eabae7058f11ef946f09a9,2024-06-24 06:34:16.000 UTC,0xd6f15a797c78f598bcb840464151ac526ddd4a0f,0x4e90da1ddcd5b0fb295b6a69251b5d04d5bcca7a,218.24
0xe20dd7ec6d2dcaaf4bf19485ed6e85e03cf2e96790eabae7058f11ef946f09a9,2024-06-24 06:34:16.000 UTC,0xd6f15a797c78f598bcb840464151ac526ddd4a0f,0x040007a949fa726f50810f6c98b1b620b50793a2,1.98
0xe20dd7ec6d2dcaaf4bf19485ed6e85e03cf2e96790eabae7058f11ef946f09a9,2024-06-24 06:34:16.000 UTC,0xd6f15a797c78f598bcb840464151ac526ddd4a0f,0x74e142df816c376bd35d7ae02914fc8168fcd45f,830.79
0xe20dd7ec6d2dcaaf4bf19485ed6e85e03cf2e96790eabae7058f11ef946f09a9,2024-06-24 06:34:16.000 UTC,0xd6f15a797c78f598bcb840464151ac526ddd4a0f,0x42580770842cd0497f33f7dc8b864ee1dda35486,91.11
0xe20dd7ec6d2dcaaf4bf19485ed6e85e03cf2e96790eabae7058f11ef946f09a9,2024-06-24 06:34:16.000 UTC,0xd6f15a797c78f598bcb840464151ac526ddd4a0f,0x64df7af696e0977771a0e1e1b1a8dd22ded3cf4b,0.47
0xe20dd7ec6d2dcaaf4bf19485ed6e85e03cf2e96790eabae7058f11ef946f09a9,2024-06-24 06:34:16.000 UTC,0xd6f15a797c78f598bcb840464151ac526ddd4a0f,0x0246b0a279dd8466ecba9b3b0af5f51076763e09,257.69
0xe20dd7ec6d2dcaaf4bf19485ed6e85e03cf2e96790eabae7058f11ef946f09a9,2024-06-24 06:34:16.000 UTC,0xd6f15a797c78f598bcb840464151ac526ddd4a0f,0xd5dbb9e213545a4d8248d671bfcf6e5fa6e72faf,110.89
0xe20dd7ec6d2dcaaf4bf19485ed6e85e03cf2e96790eabae7058f11ef946f09a9,2024-06-24 06:34:16.000 UTC,0xd6f15a797c78f598bcb840464151ac526ddd4a0f,0x5275817b74021e97c980e95ede6bbac0d0d6f3a2,1381.27
0xe20dd7ec6d2dcaaf4bf19485ed6e85e03cf2e96790eabae7058f11ef946f09a9,2024-06-24 06:34:16.000 UTC,0xd6f15a797c78f598bcb840464151ac526ddd4a0f,0xe5657dfa63971ba46487ad8376b2bc986d7b6441,165.96
0xe8b9c0fe46fbf53695097bc91c93be3e9092d25d550deab37f3261496eccb869,2024-07-08 11:35:35.000 UTC,0xd6f15a797c78f598bcb840464151ac526ddd4a0f,0x25744247a760dd8c73eaa81307e1ff827e8bcfa3,1.29
0xe8b9c0fe46fbf53695097bc91c93be3e9092d25d550deab37f3261496eccb869,2024-07-08 11:35:35.000 UTC,0xd6f15a797c78f598bcb840464151ac526ddd4a0f,0x1c96554bfc81c329361c0918f6f8985ae28acdfd,1.62
0xe8b9c0fe46fbf53695097bc91c93be3e9092d25d550deab37f3261496eccb869,2024-07-08 11:35:35.000 UTC,0xd6f15a797c78f598bcb840464151ac526ddd4a0f,0x42580770842cd0497f33f7dc8b864ee1dda35486,10.43
0xe8b9c0fe46fbf53695097bc91c93be3e9092d25d550deab37f3261496eccb869,2024-07-08 11:35:35.000 UTC,0xd6f15a797c78f598bcb840464151ac526ddd4a0f,0x8c4a25bd802dc1dd7e44ce9453e1b9d36a2f4ac3,10.85
0xe8b9c0fe46fbf53695097bc91c93be3e9092d25d550deab37f3261496eccb869,2024-07-08 11:35:35.000 UTC,0xd6f15a797c78f598bcb840464151ac526ddd4a0f,0xd5dbb9e213545a4d8248d671bfcf6e5fa6e72faf,11.67
0xe8b9c0fe46fbf53695097bc91c93be3e9092d25d550deab37f3261496eccb869,2024-07-08 11:35:35.000 UTC,0xd6f15a797c78f598bcb840464151ac526ddd4a0f,0x2c0b08c414a8ee088596832cf64efca283d46703,12.37
0xe8b9c0fe46fbf53695097bc91c93be3e9092d25d550deab37f3261496eccb869,2024-07-08 11:35:35.000 UTC,0xd6f15a797c78f598bcb840464151ac526ddd4a0f,0x6950c6a2166404c10dd704e493b247878470c4aa,24.15
0xe8b9c0fe46fbf53695097bc91c93be3e9092d25d550deab37f3261496eccb869,2024-07-08 11:35:35.000 UTC,0xd6f15a797c78f598bcb840464151ac526ddd4a0f,0x64df7af696e0977771a0e1e1b1a8dd22ded3cf4b,24.47
0xe8b9c0fe46fbf53695097bc91c93be3e9092d25d550deab37f3261496eccb869,2024-07-08 11:35:35.000 UTC,0xd6f15a797c78f598bcb840464151ac526ddd4a0f,0xf45f86940c37b01eb9bf99512e6a33bbd657a95a,27.06
0xe8b9c0fe46fbf53695097bc91c93be3e9092d25d550deab37f3261496eccb869,2024-07-08 11:35:35.000 UTC,0xd6f15a797c78f598bcb840464151ac526ddd4a0f,0x7dd0ca0f62d84cafa9d938f2660ba221d8d32684,32.35
0xe8b9c0fe46fbf53695097bc91c93be3e9092d25d550deab37f3261496eccb869,2024-07-08 11:35:35.000 UTC,0xd6f15a797c78f598bcb840464151ac526ddd4a0f,0x78d262ee17922bfb29476e25df20eec17e252902,36.81
0xe8b9c0fe46fbf53695097bc91c93be3e9092d25d550deab37f3261496eccb869,2024-07-08 11:35:35.000 UTC,0xd6f15a797c78f598bcb840464151ac526ddd4a0f,0xe5657dfa63971ba46487ad8376b2bc986d7b6441,56.13
0xe8b9c0fe46fbf53695097bc91c93be3e9092d25d550deab37f3261496eccb869,2024-07-08 11:35:35.000 UTC,0xd6f15a797c78f598bcb840464151ac526ddd4a0f,0x0246b0a279dd8466ecba9b3b0af5f51076763e09,58.41
0xe8b9c0fe46fbf53695097bc91c93be3e9092d25d550deab37f3261496eccb869,2024-07-08 11:35:35.000 UTC,0xd6f15a797c78f598bcb840464151ac526ddd4a0f,0x87cc1d672356ff6a5c320dfebcf36bfe7e0b4f5e,67.14
0xe8b9c0fe46fbf53695097bc91c93be3e9092d25d550deab37f3261496eccb869,2024-07-08 11:35:35.000 UTC,0xd6f15a797c78f598bcb840464151ac526ddd4a0f,0xd3e842a1d04f9edaa328cca8874c8896f0044cfb,72.79
0xe8b9c0fe46fbf53695097bc91c93be3e9092d25d550deab37f3261496eccb869,2024-07-08 11:35:35.000 UTC,0xd6f15a797c78f598bcb840464151ac526ddd4a0f,0x464a2d4ee1b14ae15fcc2468c78f70c6c00b7cb2,72.8
0xe8b9c0fe46fbf53695097bc91c93be3e9092d25d550deab37f3261496eccb869,2024-07-08 11:35:35.000 UTC,0xd6f15a797c78f598bcb840464151ac526ddd4a0f,0x5275817b74021e97c980e95ede6bbac0d0d6f3a2,316
0xe8b9c0fe46fbf53695097bc91c93be3e9092d25d550deab37f3261496eccb869,2024-07-08 11:35:35.000 UTC,0xd6f15a797c78f598bcb840464151ac526ddd4a0f,0x1b648ade1ef219c87987cd60eba069a7faf1621f,397
0xe8b9c0fe46fbf53695097bc91c93be3e9092d25d550deab37f3261496eccb869,2024-07-08 11:35:35.000 UTC,0xd6f15a797c78f598bcb840464151ac526ddd4a0f,0x40c44b91e3fd45cdbd860d81e123c73871a9cc3d,572.45
0xe8b9c0fe46fbf53695097bc91c93be3e9092d25d550deab37f3261496eccb869,2024-07-08 11:35:35.000 UTC,0xd6f15a797c78f598bcb840464151ac526ddd4a0f,0x83da5204bea66b14f98d336006f830391a88c5f6,756.73
