block_time,user
2024-04-05 23:42:31.000 UTC,0xbde690b46d62ea7a5b87ab8c3a53bc58c9159200
2024-03-17 17:53:18.000 UTC,0x121b14e49a5891425492defc793319139d22d168
2024-07-18 01:33:04.000 UTC,0x222cd1f21ea64dece49e39494fd3dbdfdc7617de
2024-04-26 22:52:27.000 UTC,0xbde690b46d62ea7a5b87ab8c3a53bc58c9159200
2024-06-21 21:54:26.000 UTC,0x2164d6b2ef215a4f46912bdd18f27a25041ebe29
2024-03-22 03:28:10.000 UTC,0x9996890f80b0624f3087f8ec0c2a8fcc9c5ee103
2024-06-27 16:22:05.000 UTC,0xaf84f7d4061df1aafbbec39de7726d4f80beb652
2024-06-27 16:21:47.000 UTC,0xaf84f7d4061df1aafbbec39de7726d4f80beb652
2024-03-17 17:51:43.000 UTC,0xbde690b46d62ea7a5b87ab8c3a53bc58c9159200
2024-04-05 23:47:09.000 UTC,0x121b14e49a5891425492defc793319139d22d168
2024-04-27 00:05:24.000 UTC,0x121b14e49a5891425492defc793319139d22d168
2024-06-03 01:21:09.000 UTC,0x9fbdf6433e43fb09d24cf34a042c488c7ca9bc29
2024-07-28 07:32:52.000 UTC,0x130c7a4a29595b2b8ca81db73b8214a6d0ffb759
2024-07-28 10:25:26.000 UTC,0xbf189b2d708da2c7e91fb7aaae8f62bd2a34b627
